data/barcode01.fastq , 80972,barcode01_perfect_umis.fastq , 49637,final_barcode01.fastq , 44746
data/barcode02.fastq , 147110,barcode02_perfect_umis.fastq , 100614,final_barcode02.fastq , 95361
data/barcode03.fastq , 50600,barcode03_perfect_umis.fastq , 28690,final_barcode03.fastq , 24060
data/barcode04.fastq , 178055,barcode04_perfect_umis.fastq , 118938,final_barcode04.fastq , 111439
data/barcode05.fastq , 90504,barcode05_perfect_umis.fastq , 60314,final_barcode05.fastq , 56826
data/barcode06.fastq , 303556,barcode06_perfect_umis.fastq , 195210,final_barcode06.fastq , 186273
data/barcode07.fastq , 64597,barcode07_perfect_umis.fastq , 30616,final_barcode07.fastq , 27471
data/barcode08.fastq , 69270,barcode08_perfect_umis.fastq , 42399,final_barcode08.fastq , 39115
data/barcode09.fastq , 163640,barcode09_perfect_umis.fastq , 93760,final_barcode09.fastq , 81132
data/barcode10.fastq , 72402,barcode10_perfect_umis.fastq , 44543,final_barcode10.fastq , 39468
data/barcode11.fastq , 146874,barcode11_perfect_umis.fastq , 77795,final_barcode11.fastq , 68404
data/barcode12.fastq , 223844,barcode12_perfect_umis.fastq , 117730,final_barcode12.fastq , 97805
data/barcode13.fastq , 73377,barcode13_perfect_umis.fastq , 48211,final_barcode13.fastq , 45052
data/barcode14.fastq , 34859,barcode14_perfect_umis.fastq , 23432,final_barcode14.fastq , 21865
data/barcode15.fastq , 83402,barcode15_perfect_umis.fastq , 47369,final_barcode15.fastq , 39551
data/barcode16.fastq , 92658,barcode16_perfect_umis.fastq , 56951,final_barcode16.fastq , 50863
data/barcode17.fastq , 33081,barcode17_perfect_umis.fastq , 20992,final_barcode17.fastq , 19311
data/barcode18.fastq , 106516,barcode18_perfect_umis.fastq , 62662,final_barcode18.fastq , 57041
data/barcode19.fastq , 117506,barcode19_perfect_umis.fastq , 67953,final_barcode19.fastq , 59300
data/barcode20.fastq , 276746,barcode20_perfect_umis.fastq , 173446,final_barcode20.fastq , 161380
data/barcode21.fastq , 70760,barcode21_perfect_umis.fastq , 34877,final_barcode21.fastq , 26728
data/barcode22.fastq , 53097,barcode22_perfect_umis.fastq , 32357,final_barcode22.fastq , 28967
data/barcode23.fastq , 164319,barcode23_perfect_umis.fastq , 85466,final_barcode23.fastq , 73095
data/barcode24.fastq , 225478,barcode24_perfect_umis.fastq , 122894,final_barcode24.fastq , 103167
data/barcode25.fastq , 72749,barcode25_perfect_umis.fastq , 45289,final_barcode25.fastq , 41899
data/barcode26.fastq , 81207,barcode26_perfect_umis.fastq , 51890,final_barcode26.fastq , 47664
data/barcode27.fastq , 50929,barcode27_perfect_umis.fastq , 31562,final_barcode27.fastq , 28352
data/barcode28.fastq , 190711,barcode28_perfect_umis.fastq , 92239,final_barcode28.fastq , 83631
data/barcode29.fastq , 84109,barcode29_perfect_umis.fastq , 55731,final_barcode29.fastq , 52014
data/barcode30.fastq , 124242,barcode30_perfect_umis.fastq , 69029,final_barcode30.fastq , 63253
data/barcode31.fastq , 126811,barcode31_perfect_umis.fastq , 69681,final_barcode31.fastq , 62769
data/barcode32.fastq , 53553,barcode32_perfect_umis.fastq , 27550,final_barcode32.fastq , 23393
data/barcode33.fastq , 116675,barcode33_perfect_umis.fastq , 63981,final_barcode33.fastq , 54377
data/barcode34.fastq , 36729,barcode34_perfect_umis.fastq , 20283,final_barcode34.fastq , 16865
data/barcode35.fastq , 108456,barcode35_perfect_umis.fastq , 58401,final_barcode35.fastq , 53207
data/barcode36.fastq , 424291,barcode36_perfect_umis.fastq , 259455,final_barcode36.fastq , 234909
data/barcode37.fastq , 42153,barcode37_perfect_umis.fastq , 25958,final_barcode37.fastq , 23676
data/barcode38.fastq , 30330,barcode38_perfect_umis.fastq , 18493,final_barcode38.fastq , 16805
data/barcode39.fastq , 90243,barcode39_perfect_umis.fastq , 49505,final_barcode39.fastq , 40958
data/barcode40.fastq , 184035,barcode40_perfect_umis.fastq , 61267,final_barcode40.fastq , 28849
data/barcode41.fastq , 29361,barcode41_perfect_umis.fastq , 17382,final_barcode41.fastq , 15011
data/barcode42.fastq , 134130,barcode42_perfect_umis.fastq , 86468,final_barcode42.fastq , 79308
data/barcode43.fastq , 84048,barcode43_perfect_umis.fastq , 44773,final_barcode43.fastq , 39598
data/barcode44.fastq , 65586,barcode44_perfect_umis.fastq , 20903,final_barcode44.fastq , 10640
data/barcode45.fastq , 83597,barcode45_perfect_umis.fastq , 40660,final_barcode45.fastq , 31282
data/barcode46.fastq , 38787,barcode46_perfect_umis.fastq , 20724,final_barcode46.fastq , 17048
data/barcode47.fastq , 135259,barcode47_perfect_umis.fastq , 63427,final_barcode47.fastq , 52651
data/barcode48.fastq , 78802,barcode48_perfect_umis.fastq , 28703,final_barcode48.fastq , 14314
data/barcode49.fastq , 41747,barcode49_perfect_umis.fastq , 26809,final_barcode49.fastq , 24596
data/barcode50.fastq , 144161,barcode50_perfect_umis.fastq , 98611,final_barcode50.fastq , 94491
data/barcode51.fastq , 118005,barcode51_perfect_umis.fastq , 77411,final_barcode51.fastq , 71871
data/barcode52.fastq , 163239,barcode52_perfect_umis.fastq , 51047,final_barcode52.fastq , 23198
data/barcode53.fastq , 43806,barcode53_perfect_umis.fastq , 28560,final_barcode53.fastq , 26677
data/barcode54.fastq , 109805,barcode54_perfect_umis.fastq , 70733,final_barcode54.fastq , 65942
data/barcode55.fastq , 106643,barcode55_perfect_umis.fastq , 67542,final_barcode55.fastq , 63452
data/barcode56.fastq , 168572,barcode56_perfect_umis.fastq , 26426,final_barcode56.fastq , 13166
data/barcode57.fastq , 129782,barcode57_perfect_umis.fastq , 62598,final_barcode57.fastq , 48804
data/barcode58.fastq , 40035,barcode58_perfect_umis.fastq , 23180,final_barcode58.fastq , 20117
data/barcode59.fastq , 283539,barcode59_perfect_umis.fastq , 174942,final_barcode59.fastq , 166775
data/barcode60.fastq , 76139,barcode60_perfect_umis.fastq , 26898,final_barcode60.fastq , 13250
data/barcode61.fastq , 75617,barcode61_perfect_umis.fastq , 45395,final_barcode61.fastq , 40334
data/barcode62.fastq , 74636,barcode62_perfect_umis.fastq , 45564,final_barcode62.fastq , 41023
data/barcode63.fastq , 278632,barcode63_perfect_umis.fastq , 194851,final_barcode63.fastq , 187395
data/barcode64.fastq , 61794,barcode64_perfect_umis.fastq , 32602,final_barcode64.fastq , 27590
data/barcode65.fastq , 118061,barcode65_perfect_umis.fastq , 79834,final_barcode65.fastq , 76545
data/barcode66.fastq , 117479,barcode66_perfect_umis.fastq , 76082,final_barcode66.fastq , 69957
data/barcode67.fastq , 133034,barcode67_perfect_umis.fastq , 62408,final_barcode67.fastq , 56434
data/barcode68.fastq , 62333,barcode68_perfect_umis.fastq , 30985,final_barcode68.fastq , 25770
data/barcode69.fastq , 199404,barcode69_perfect_umis.fastq , 122404,final_barcode69.fastq , 111904
data/barcode70.fastq , 167446,barcode70_perfect_umis.fastq , 104651,final_barcode70.fastq , 94460
data/barcode71.fastq , 120735,barcode71_perfect_umis.fastq , 70881,final_barcode71.fastq , 65100
data/barcode72.fastq , 521270,barcode72_perfect_umis.fastq , 333362,final_barcode72.fastq , 309821
data/barcode73.fastq , 106226,barcode73_perfect_umis.fastq , 68359,final_barcode73.fastq , 63770
data/barcode74.fastq , 235161,barcode74_perfect_umis.fastq , 163028,final_barcode74.fastq , 156959
data/barcode75.fastq , 40325,barcode75_perfect_umis.fastq , 22857,final_barcode75.fastq , 19548
data/barcode76.fastq , 182739,barcode76_perfect_umis.fastq , 102045,final_barcode76.fastq , 95041
data/barcode77.fastq , 57976,barcode77_perfect_umis.fastq , 37880,final_barcode77.fastq , 35258
data/barcode78.fastq , 76169,barcode78_perfect_umis.fastq , 47289,final_barcode78.fastq , 42550
data/barcode79.fastq , 188732,barcode79_perfect_umis.fastq , 123190,final_barcode79.fastq , 116686
data/barcode80.fastq , 82881,barcode80_perfect_umis.fastq , 51286,final_barcode80.fastq , 47863
data/barcode81.fastq , 176574,barcode81_perfect_umis.fastq , 96609,final_barcode81.fastq , 81658
data/barcode82.fastq , 34684,barcode82_perfect_umis.fastq , 17902,final_barcode82.fastq , 14007
data/barcode83.fastq , 268973,barcode83_perfect_umis.fastq , 172875,final_barcode83.fastq , 165389
data/barcode84.fastq , 249033,barcode84_perfect_umis.fastq , 150560,final_barcode84.fastq , 135589
data/barcode85.fastq , 45223,barcode85_perfect_umis.fastq , 29963,final_barcode85.fastq , 27751
data/barcode86.fastq , 33505,barcode86_perfect_umis.fastq , 19511,final_barcode86.fastq , 17304
data/barcode87.fastq , 115581,barcode87_perfect_umis.fastq , 50921,final_barcode87.fastq , 36090
data/barcode88.fastq , 240252,barcode88_perfect_umis.fastq , 154823,final_barcode88.fastq , 143980
data/barcode89.fastq , 50171,barcode89_perfect_umis.fastq , 28616,final_barcode89.fastq , 25327
data/barcode90.fastq , 66105,barcode90_perfect_umis.fastq , 38710,final_barcode90.fastq , 34839
data/barcode91.fastq , 100590,barcode91_perfect_umis.fastq , 35859,final_barcode91.fastq , 18916
data/barcode92.fastq , 160305,barcode92_perfect_umis.fastq , 100978,final_barcode92.fastq , 95932
data/barcode93.fastq , 143508,barcode93_perfect_umis.fastq , 76888,final_barcode93.fastq , 64433
data/barcode94.fastq , 34240,barcode94_perfect_umis.fastq , 19073,final_barcode94.fastq , 15821
data/barcode95.fastq , 156184,barcode95_perfect_umis.fastq , 50188,final_barcode95.fastq , 32157
data/barcode96.fastq , 432774,barcode96_perfect_umis.fastq , 280667,final_barcode96.fastq , 261697
total , 12023841,total , 6934063,total , 6178130
